00501,DUMMY-00501,f
00502,DUMMY-00502,g
00503,DUMMY-00503,h
00504,DUMMY-00504,a
00505,DUMMY-00505,b
00506,DUMMY-00506,c
00507,DUMMY-00507,d
00508,DUMMY-00508,e
00509,DUMMY-00509,f
00510,DUMMY-00510,g
00511,DUMMY-00511,h
00512,DUMMY-00512,a
00513,DUMMY-00513,b
00514,DUMMY-00514,c
00515,DUMMY-00515,d
00516,DUMMY-00516,e
00517,DUMMY-00517,f
00518,DUMMY-00518,g
00519,DUMMY-00519,h
00520,DUMMY-00520,a
00521,DUMMY-00521,b
00522,DUMMY-00522,c
00523,DUMMY-00523,d
00524,DUMMY-00524,e
00525,DUMMY-00525,f
00526,DUMMY-00526,g
00527,DUMMY-00527,h
00528,DUMMY-00528,a
00529,DUMMY-00529,b
00530,DUMMY-00530,c
00531,DUMMY-00531,d
00532,DUMMY-00532,e
00533,DUMMY-00533,f
00534,DUMMY-00534,g
00535,DUMMY-00535,h
00536,DUMMY-00536,a
00537,DUMMY-00537,b
00538,DUMMY-00538,c
00539,DUMMY-00539,d
00540,DUMMY-00540,e
00541,DUMMY-00541,f
00542,DUMMY-00542,g
00543,DUMMY-00543,h
00544,DUMMY-00544,a
00545,DUMMY-00545,b
00546,DUMMY-00546,c
00547,DUMMY-00547,d
00548,DUMMY-00548,e
00549,DUMMY-00549,f
00550,DUMMY-00550,g
00551,DUMMY-00551,h
00552,DUMMY-00552,a
00553,DUMMY-00553,b
00554,DUMMY-00554,c
00555,DUMMY-00555,d
00556,DUMMY-00556,e
00557,DUMMY-00557,f
00558,DUMMY-00558,g
00559,DUMMY-00559,h
00560,DUMMY-00560,a
00561,DUMMY-00561,b
00562,DUMMY-00562,c
00563,DUMMY-00563,d
00564,DUMMY-00564,e
00565,DUMMY-00565,f
00566,DUMMY-00566,g
00567,DUMMY-00567,h
00568,DUMMY-00568,a
00569,DUMMY-00569,b
00570,DUMMY-00570,c
00571,DUMMY-00571,d
00572,DUMMY-00572,e
00573,DUMMY-00573,f
00574,DUMMY-00574,g
00575,DUMMY-00575,h
00576,DUMMY-00576,a
00577,DUMMY-00577,b
00578,DUMMY-00578,c
00579,DUMMY-00579,d
00580,DUMMY-00580,e
00581,DUMMY-00581,f
00582,DUMMY-00582,g
00583,DUMMY-00583,h
00584,DUMMY-00584,a
00585,DUMMY-00585,b
00586,DUMMY-00586,c
00587,DUMMY-00587,d
00588,DUMMY-00588,e
00589,DUMMY-00589,f
00590,DUMMY-00590,g
00591,DUMMY-00591,h
00592,DUMMY-00592,a
00593,DUMMY-00593,b
00594,DUMMY-00594,c
00595,DUMMY-00595,d
00596,DUMMY-00596,e
00597,DUMMY-00597,f
00598,DUMMY-00598,g
00599,DUMMY-00599,h
00600,DUMMY-00600,a
00601,DUMMY-00601,b
00602,DUMMY-00602,c
00603,DUMMY-00603,d
00604,DUMMY-00604,e
00605,DUMMY-00605,f
00606,DUMMY-00606,g
00607,DUMMY-00607,h
00608,DUMMY-00608,a
00609,DUMMY-00609,b
00610,DUMMY-00610,c
00611,DUMMY-00611,d
00612,DUMMY-00612,e
00613,DUMMY-00613,f
00614,DUMMY-00614,g
00615,DUMMY-00615,h
00616,DUMMY-00616,a
00617,DUMMY-00617,b
00618,DUMMY-00618,c
00619,DUMMY-00619,d
00620,DUMMY-00620,e
00621,DUMMY-00621,f
00622,DUMMY-00622,g
00623,DUMMY-00623,h
00624,DUMMY-00624,a
00625,DUMMY-00625,b
00626,DUMMY-00626,c
00627,DUMMY-00627,d
00628,DUMMY-00628,e
00629,DUMMY-00629,f
00630,DUMMY-00630,g
00631,DUMMY-00631,h
00632,DUMMY-00632,a
00633,DUMMY-00633,b
00634,DUMMY-00634,c
00635,DUMMY-00635,d
00636,DUMMY-00636,e
00637,DUMMY-00637,f
00638,DUMMY-00638,g
00639,DUMMY-00639,h
00640,DUMMY-00640,a
00641,DUMMY-00641,b
00642,DUMMY-00642,c
00643,DUMMY-00643,d
00644,DUMMY-00644,e
00645,DUMMY-00645,f
00646,DUMMY-00646,g
00647,DUMMY-00647,h
00648,DUMMY-00648,a
00649,DUMMY-00649,b
00650,DUMMY-00650,c
00651,DUMMY-00651,d
00652,DUMMY-00652,e
00653,DUMMY-00653,f
00654,DUMMY-00654,g
00655,DUMMY-00655,h
00656,DUMMY-00656,a
00657,DUMMY-00657,b
00658,DUMMY-00658,c
00659,DUMMY-00659,d
00660,DUMMY-00660,e
00661,DUMMY-00661,f
00662,DUMMY-00662,g
00663,DUMMY-00663,h
00664,DUMMY-00664,a
00665,DUMMY-00665,b
00666,DUMMY-00666,c
00667,DUMMY-00667,d
00668,DUMMY-00668,e
00669,DUMMY-00669,f
00670,DUMMY-00670,g
00671,DUMMY-00671,h
00672,DUMMY-00672,a
00673,DUMMY-00673,b
00674,DUMMY-00674,c
00675,DUMMY-00675,d
00676,DUMMY-00676,e
00677,DUMMY-00677,f
00678,DUMMY-00678,g
00679,DUMMY-00679,h
00680,DUMMY-00680,a
00681,DUMMY-00681,b
00682,DUMMY-00682,c
00683,DUMMY-00683,d
00684,DUMMY-00684,e
00685,DUMMY-00685,f
00686,DUMMY-00686,g
00687,DUMMY-00687,h
00688,DUMMY-00688,a
00689,DUMMY-00689,b
00690,DUMMY-00690,c
00691,DUMMY-00691,d
00692,DUMMY-00692,e
00693,DUMMY-00693,f
00694,DUMMY-00694,g
00695,DUMMY-00695,h
00696,DUMMY-00696,a
00697,DUMMY-00697,b
00698,DUMMY-00698,c
00699,DUMMY-00699,d
00700,DUMMY-00700,e
00701,DUMMY-00701,f
00702,DUMMY-00702,g
00703,DUMMY-00703,h
00704,DUMMY-00704,a
00705,DUMMY-00705,b
00706,DUMMY-00706,c
00707,DUMMY-00707,d
00708,DUMMY-00708,e
00709,DUMMY-00709,f
00710,DUMMY-00710,g
00711,DUMMY-00711,h
00712,DUMMY-00712,a
00713,DUMMY-00713,b
00714,DUMMY-00714,c
00715,DUMMY-00715,d
00716,DUMMY-00716,e
00717,DUMMY-00717,f
00718,DUMMY-00718,g
00719,DUMMY-00719,h
00720,DUMMY-00720,a
00721,DUMMY-00721,b
00722,DUMMY-00722,c
00723,DUMMY-00723,d
00724,DUMMY-00724,e
00725,DUMMY-00725,f
00726,DUMMY-00726,g
00727,DUMMY-00727,h
00728,DUMMY-00728,a
00729,DUMMY-00729,b
00730,DUMMY-00730,c
00731,DUMMY-00731,d
00732,DUMMY-00732,e
00733,DUMMY-00733,f
00734,DUMMY-00734,g
00735,DUMMY-00735,h
00736,DUMMY-00736,a
00737,DUMMY-00737,b
00738,DUMMY-00738,c
00739,DUMMY-00739,d
00740,DUMMY-00740,e
00741,DUMMY-00741,f
00742,DUMMY-00742,g
00743,DUMMY-00743,h
00744,DUMMY-00744,a
00745,DUMMY-00745,b
00746,DUMMY-00746,c
00747,DUMMY-00747,d
00748,DUMMY-00748,e
00749,DUMMY-00749,f
00750,DUMMY-00750,g
00751,DUMMY-00751,h
00752,DUMMY-00752,a
00753,DUMMY-00753,b
00754,DUMMY-00754,c
00755,DUMMY-00755,d
00756,DUMMY-00756,e
00757,DUMMY-00757,f
00758,DUMMY-00758,g
00759,DUMMY-00759,h
00760,DUMMY-00760,a
00761,DUMMY-00761,b
00762,DUMMY-00762,c
00763,DUMMY-00763,d
00764,DUMMY-00764,e
00765,DUMMY-00765,f
00766,DUMMY-00766,g
00767,DUMMY-00767,h
00768,DUMMY-00768,a
00769,DUMMY-00769,b
00770,DUMMY-00770,c
00771,DUMMY-00771,d
00772,DUMMY-00772,e
00773,DUMMY-00773,f
00774,DUMMY-00774,g
00775,DUMMY-00775,h
00776,DUMMY-00776,a
00777,DUMMY-00777,b
00778,DUMMY-00778,c
00779,DUMMY-00779,d
00780,DUMMY-00780,e
00781,DUMMY-00781,f
00782,DUMMY-00782,g
00783,DUMMY-00783,h
00784,DUMMY-00784,a
00785,DUMMY-00785,b
00786,DUMMY-00786,c
00787,DUMMY-00787,d
00788,DUMMY-00788,e
00789,DUMMY-00789,f
00790,DUMMY-00790,g
00791,DUMMY-00791,h
00792,DUMMY-00792,a
00793,DUMMY-00793,b
00794,DUMMY-00794,c
00795,DUMMY-00795,d
00796,DUMMY-00796,e
00797,DUMMY-00797,f
00798,DUMMY-00798,g
00799,DUMMY-00799,h
00800,DUMMY-00800,a
00801,DUMMY-00801,b
00802,DUMMY-00802,c
00803,DUMMY-00803,d
00804,DUMMY-00804,e
00805,DUMMY-00805,f
00806,DUMMY-00806,g
00807,DUMMY-00807,h
00808,DUMMY-00808,a
00809,DUMMY-00809,b
00810,DUMMY-00810,c
00811,DUMMY-00811,d
00812,DUMMY-00812,e
00813,DUMMY-00813,f
00814,DUMMY-00814,g
00815,DUMMY-00815,h
00816,DUMMY-00816,a
00817,DUMMY-00817,b
00818,DUMMY-00818,c
00819,DUMMY-00819,d
00820,DUMMY-00820,e
00821,DUMMY-00821,f
00822,DUMMY-00822,g
00823,DUMMY-00823,h
00824,DUMMY-00824,a
00825,DUMMY-00825,b
00826,DUMMY-00826,c
00827,DUMMY-00827,d
00828,DUMMY-00828,e
00829,DUMMY-00829,f
00830,DUMMY-00830,g
00831,DUMMY-00831,h
00832,DUMMY-00832,a
00833,DUMMY-00833,b
00834,DUMMY-00834,c
00835,DUMMY-00835,d
00836,DUMMY-00836,e
00837,DUMMY-00837,f
00838,DUMMY-00838,g
00839,DUMMY-00839,h
00840,DUMMY-00840,a
00841,DUMMY-00841,b
00842,DUMMY-00842,c
00843,DUMMY-00843,d
00844,DUMMY-00844,e
00845,DUMMY-00845,f
00846,DUMMY-00846,g
00847,DUMMY-00847,h
00848,DUMMY-00848,a
00849,DUMMY-00849,b
00850,DUMMY-00850,c
00851,DUMMY-00851,d
00852,DUMMY-00852,e
00853,DUMMY-00853,f
00854,DUMMY-00854,g
00855,DUMMY-00855,h
00856,DUMMY-00856,a
00857,DUMMY-00857,b
00858,DUMMY-00858,c
00859,DUMMY-00859,d
00860,DUMMY-00860,e
00861,DUMMY-00861,f
00862,DUMMY-00862,g
00863,DUMMY-00863,h
00864,DUMMY-00864,a
00865,DUMMY-00865,b
00866,DUMMY-00866,c
00867,DUMMY-00867,d
00868,DUMMY-00868,e
00869,DUMMY-00869,f
00870,DUMMY-00870,g
00871,DUMMY-00871,h
00872,DUMMY-00872,a
00873,DUMMY-00873,b
00874,DUMMY-00874,c
00875,DUMMY-00875,d
00876,DUMMY-00876,e
00877,DUMMY-00877,f
00878,DUMMY-00878,g
00879,DUMMY-00879,h
00880,DUMMY-00880,a
00881,DUMMY-00881,b
00882,DUMMY-00882,c
00883,DUMMY-00883,d
00884,DUMMY-00884,e
00885,DUMMY-00885,f
00886,DUMMY-00886,g
00887,DUMMY-00887,h
00888,DUMMY-00888,a
00889,DUMMY-00889,b
00890,DUMMY-00890,c
00891,DUMMY-00891,d
00892,DUMMY-00892,e
00893,DUMMY-00893,f
00894,DUMMY-00894,g
00895,DUMMY-00895,h
00896,DUMMY-00896,a
00897,DUMMY-00897,b
00898,DUMMY-00898,c
00899,DUMMY-00899,d
00900,DUMMY-00900,e
00901,DUMMY-00901,f
00902,DUMMY-00902,g
00903,DUMMY-00903,h
00904,DUMMY-00904,a
00905,DUMMY-00905,b
00906,DUMMY-00906,c
00907,DUMMY-00907,d
00908,DUMMY-00908,e
00909,DUMMY-00909,f
00910,DUMMY-00910,g
00911,DUMMY-00911,h
00912,DUMMY-00912,a
00913,DUMMY-00913,b
00914,DUMMY-00914,c
00915,DUMMY-00915,d
00916,DUMMY-00916,e
00917,DUMMY-00917,f
00918,DUMMY-00918,g
00919,DUMMY-00919,h
00920,DUMMY-00920,a
00921,DUMMY-00921,b
00922,DUMMY-00922,c
00923,DUMMY-00923,d
00924,DUMMY-00924,e
00925,DUMMY-00925,f
00926,DUMMY-00926,g
00927,DUMMY-00927,h
00928,DUMMY-00928,a
00929,DUMMY-00929,b
00930,DUMMY-00930,c
00931,DUMMY-00931,d
00932,DUMMY-00932,e
00933,DUMMY-00933,f
00934,DUMMY-00934,g
00935,DUMMY-00935,h
00936,DUMMY-00936,a
00937,DUMMY-00937,b
00938,DUMMY-00938,c
00939,DUMMY-00939,d
00940,DUMMY-00940,e
00941,DUMMY-00941,f
00942,DUMMY-00942,g
00943,DUMMY-00943,h
00944,DUMMY-00944,a
00945,DUMMY-00945,b
00946,DUMMY-00946,c
00947,DUMMY-00947,d
00948,DUMMY-00948,e
00949,DUMMY-00949,f
00950,DUMMY-00950,g
00951,DUMMY-00951,h
00952,DUMMY-00952,a
00953,DUMMY-00953,b
00954,DUMMY-00954,c
00955,DUMMY-00955,d
00956,DUMMY-00956,e
00957,DUMMY-00957,f
00958,DUMMY-00958,g
00959,DUMMY-00959,h
00960,DUMMY-00960,a
00961,DUMMY-00961,b
00962,DUMMY-00962,c
00963,DUMMY-00963,d
00964,DUMMY-00964,e
00965,DUMMY-00965,f
00966,DUMMY-00966,g
00967,DUMMY-00967,h
00968,DUMMY-00968,a
00969,DUMMY-00969,b
00970,DUMMY-00970,c
00971,DUMMY-00971,d
00972,DUMMY-00972,e
00973,DUMMY-00973,f
00974,DUMMY-00974,g
00975,DUMMY-00975,h
00976,DUMMY-00976,a
00977,DUMMY-00977,b
00978,DUMMY-00978,c
00979,DUMMY-00979,d
00980,DUMMY-00980,e
00981,DUMMY-00981,f
00982,DUMMY-00982,g
00983,DUMMY-00983,h
00984,DUMMY-00984,a
00985,DUMMY-00985,b
00986,DUMMY-00986,c
00987,DUMMY-00987,d
00988,DUMMY-00988,e
00989,DUMMY-00989,f
00990,DUMMY-00990,g
00991,DUMMY-00991,h
00992,DUMMY-00992,a
00993,DUMMY-00993,b
00994,DUMMY-00994,c
00995,DUMMY-00995,d
00996,DUMMY-00996,e
00997,DUMMY-00997,f
00998,DUMMY-00998,g
00999,DUMMY-00999,h
01000,DUMMY-01000,a